"78: ESRI Demographics - Popn count (2015) (per 100,000)",0.0006120476,0.03731295,4.9883e-5,A
21: 2016 ELECTION - (%),0.7640797,0.046997298,0.5804137,B
466: COVID_06-17-2020 - Case rate (per million) (per million),2.1969262e-16,0.06790288,0.04140805,A
467: COVID_06-17-2020 - Death rate (per million) (per million),2.1969262e-16,0.107010126,0.045921776,A
468: COVID_06-17-2020 - Worst week - cases (weekly cases per million) (per million),3.3766356e-12,0.015593894,0.019597076,C
469: COVID_06-17-2020 - Worst week - deaths (weekly deaths per million) (per million),0.020506416,0.0436624,0.06670447,C
470: COVID_05-7-2020 - Case rate (per million) (per million),2.1969262e-16,0.0387654,0.015634464,A
471: COVID_05-7-2020 - Death rate (per million) (per million),2.1969262e-16,0.07336282,0.022793228,A
472: COVID_05-7-2020 - Worst week - cases (weekly cases per million) (per million),8.7570777e-7,0.010838864,0.009445677,C
473: COVID_05-7-2020 - Worst week - deaths (weekly deaths per million) (per million),0.00712216,0.057633832,0.0063238707,A
"121: ESRI Demographics - Number of farms (per 100,000)",0.15299596,3.5490482e-16,0.05082601,B
81: ESRI Demographics - Popn density (2010) (ppl/mi2),2.2698607e-13,0.0136809815,0.00023608805,A
79: ESRI Demographics - Popn density (2015) (ppl/mi2),6.3000495e-13,0.013702816,0.00023024222,A
"197: - Gun shops (per 100,000)",0.06071482,3.5490482e-16,0.023014,B
"198: - All fire businesses (per 100,000)",0.07056643,3.5490482e-16,0.026696464,B
266: County Health - Dentists (Dentist Rate),0.055947695,0.14823078,0.0023739624,A
331: County Health - Demographics (% African American),2.1969262e-16,0.11956221,0.21977158,C
295: County Health - Premature age-adjusted mortality (Age-Adjusted Mortality (Hispanic)),0.15294099,0.11081242,0.2070935,B
"118: ESRI Demographics - Vacant housing (per 100,000)",0.056733787,0.030938672,0.039348356,B
437: Cities - LargetCity-County popn ratio (ppl/mi2),1.8798166e-7,0.0022517047,5.0392355e-6,A
"117: ESRI Demographics - Number of housing units (per 100,000)",0.14260486,0.09652503,0.10090779,B
"112: ESRI Demographics - Household (married w/o children) (per 100,000)",0.60816556,0.23981254,0.2934944,B
"122: ESRI Demographics - Average farm size (per 100,000)",0.013510026,0.008369898,0.017757658,B
265: County Health - Primary care physicians (PCP Rate),0.09761672,0.22190891,0.0109964125,A
287: County Health - Air pollution - particulate matter (Average Daily PM2.5),0.3077677,0.36236948,0.42405406,B
308: County Health - HIV prevalence (HIV Prevalence Rate),2.1969262e-16,0.12776646,0.092114404,A
"428: 2016 Crime - ROBBERY (per 100,000)",2.1969262e-16,0.15545763,0.03887746,A
"109: ESRI Demographics - Household (one male) (per 100,000)",0.14597954,0.13006704,0.110125445,B
216: CDC WONDER - Suicide rate (rate),0.10600224,0.044201624,0.12066776,B
203: USDA Rural Influence - RUCC_2013 (#),0.4660006,3.5490482e-16,0.64521885,B
"431: 2016 Crime - LARCENY (per 100,000)",0.079190806,0.46178645,0.31425098,A
"123: ESRI Demographics - Acreage of crops (per 100,000)",0.04016132,3.5490482e-16,0.004976666,B
105: ESRI Demographics - Median age (male) (years),0.46597368,0.22028463,0.27883822,B
182: 2010 IRS Taxes - State-local taxes ($/person),0.059914023,0.114998356,0.029581586,A
"114: ESRI Demographics - Household (female w/ children) (per 100,000)",0.07925008,0.37493044,0.5684901,C
243: County Health - Premature death (Years of Potential Life Lost Rate (Hispanic)),0.041172195,0.01581808,0.051144764,B
316: County Health - Uninsured children (% Uninsured),0.19518408,0.0790972,0.2585809,B
"100: ESRI Demographics - Popn: Age 55-64 (per 100,000)",0.3634304,0.255194,0.3006498,B
"83: ESRI Demographics - Popn: Black (per 100,000)",2.1969262e-16,0.108994454,0.21628982,C
104: ESRI Demographics - Median age (years),0.4686545,0.2376109,0.30649936,B
"86: ESRI Demographics - Popn: Hawaii/PI (per 100,000)",0.00033083456,0.0060278154,6.6278e-9,A
310: County Health - Limited access to healthy foods (% Limited Access),0.07244977,0.07629833,0.16780882,C
339: County Health - Demographics (% Rural),0.5792664,3.5490482e-16,0.6916277,B
"97: ESRI Demographics - Popn: Age 25-34 (per 100,000)",0.17042361,0.39227572,0.3130097,A
"102: ESRI Demographics - Popn: Age 75-84 (per 100,000)",0.2372494,0.09754646,0.17008267,B
399: Climate Change Survey - governor (%),0.10878545,0.8096486,0.36805332,A
"101: ESRI Demographics - Popn: Age 65-74 (per 100,000)",0.29782996,0.097754106,0.2823603,B
400: Climate Change Survey - governorOppose (%),0.6367459,0.02911604,0.3671445,B
"430: 2016 Crime - BURGLRY (per 100,000)",0.008731812,0.12698425,0.19545633,C
"462: Religion - Black Protestant (per 1,000)",2.1969262e-16,0.123497374,0.15708354,C
258: County Health - Alcohol-impaired driving deaths (# Alcohol-Impaired Driving Deaths),0.022646846,0.00095189584,0.03955809,C
"427: 2016 Crime - RAPE (per 100,000)",0.015316804,0.049287282,0.032839403,A
286: County Health - Injury deaths (Injury Death Rate),0.17812826,0.06760418,0.32375085,C
"432: 2016 Crime - MVTHEFT (per 100,000)",0.0057638246,0.18331075,0.13896805,A
"168: 2010 IRS Taxes - Joint returns (per 100,000)",0.19977279,0.12199584,0.064366154,B
106: ESRI Demographics - Median age (female) (years),0.4747391,0.25652578,0.34052745,B
377: Climate Change Survey - regulate (%),0.21449803,0.9339131,0.21227708,A
314: County Health - Insufficient sleep (% Insufficient Sleep),0.09995625,0.37735268,0.7845787,C
180: 2010 IRS Taxes - State-local taxes ($M),0.031556573,0.102091506,3.1596026e-16,A
378: Climate Change Survey - regulateOppose (%),0.5465757,3.5443547e-6,0.5350185,B
"119: ESRI Demographics - Owner-occupied housing (per 100,000)",0.6220578,0.3694543,0.47054476,B
330: County Health - Demographics (% 65 and over),0.27150488,0.12276897,0.20478576,B
"107: ESRI Demographics - House-holds (per 100,000)",0.31742418,0.25764415,0.24783953,B
372: Climate Change Survey - personalOppose (%),0.90338326,0.27025473,0.25973868,B
285: County Health - Violent crime (Violent Crime Rate),2.6809353e-8,0.22155055,0.2529177,C
398: Climate Change Survey - congressOppose (%),0.6072483,0.0388773,0.43506184,B
"98: ESRI Demographics - Popn: Age 35-44 (per 100,000)",0.29903057,0.4236117,0.38704637,B
370: Climate Change Survey - harmUSOppose (%),0.83059394,0.13008952,0.34438285,B
"461: Religion - Christian Churches and Churches of Christ (per 1,000)",0.096006066,3.5490482e-16,0.042405315,B
"96: ESRI Demographics - Popn: Age 20-24 (per 100,000)",0.06432247,0.25723144,0.15392399,A
383: Climate Change Survey - supportRPS (%),0.15226986,0.917333,0.18417323,A
133: 2010 Federal Spending - Agriculture ($/person),0.028281985,3.5490482e-16,0.011118546,B
368: Climate Change Survey - devharmOppose (%),0.80203676,0.002520361,0.37588096,B
"425: 2016 Crime - Crime Rate (per 100,000)",1.2806377e-13,0.21309854,0.22900231,C
"452: Religion - Church of Jesus Christ of Latter-day Saints (per 1,000)",0.054709777,6.9794325e-5,0.018781777,B
358: Climate Change Survey - consensusOppose (%),0.72263813,0.04504661,0.41675553,B
354: Climate Change Survey - happeningOppose (%),0.6921886,1.0987807e-11,0.35468233,B
304: County Health - Infant mortality (Infant Mortality Rate (White)),0.30354074,0.25054255,0.37900332,B
259: County Health - Sexually transmitted infections (Chlamydia Rate),5.786979e-9,0.19503653,0.1833486,C
382: Climate Change Survey - reducetaxOppose (%),0.60016364,3.6085396e-10,0.36693355,B
401: Climate Change Survey - localofficials (%),0.01644269,0.83459604,0.30377036,A
402: Climate Change Survey - localofficialsOppose (%),0.66829574,0.043569352,0.35985264,B
385: Climate Change Survey - rebates (%),0.26604143,0.9759835,0.15138362,A
360: Climate Change Survey - affectweatherOppose (%),0.6405543,0.023074789,0.43413848,B
"429: 2016 Crime - AGASSLT (per 100,000)",3.348228e-11,0.15121697,0.21985522,C
267: County Health - Mental health providers (MHP Rate),0.029615318,0.18737148,0.030422926,A
366: Climate Change Survey - futuregenOppose (%),0.66878766,4.140871e-10,0.39079398,B
283: County Health - Children in single-parent households (% Single-Parent Households),0.10968741,0.33910587,0.5101938,C
324: County Health - Children eligible for free or reduced price lunch (% Free or Reduced Lunch),0.16951759,0.4077769,1.0,C
"116: ESRI Demographics - Average family size (per 100,000)",0.23339435,0.40071264,0.34743077,A
364: Climate Change Survey - harmplantsOppose (%),0.70386064,7.522167e-6,0.41755494,B
336: County Health - Demographics (% Non-Hispanic White),1.0,0.2958988,0.26538295,B
333: County Health - Demographics (% Asian),0.006188149,0.11439598,3.1596026e-16,A
386: Climate Change Survey - rebatesOppose (%),0.48483175,1.0642404e-5,0.5705905,B
392: Climate Change Survey - teachGWOppose (%),0.6421542,5.5582824e-14,0.40989256,B
288: County Health - Severe housing problems (% Severe Housing Problems),0.05301607,0.29069626,0.19798733,A
"108: ESRI Demographics - Average household size (per 100,000)",0.281067,0.40520442,0.37559643,B
"115: ESRI Demographics - Number of families (per 100,000)",0.6663981,0.41502097,0.58927274,B
407: Climate Change Survey - mediaweekly (%),0.4445971,0.5699293,0.0012287329,A
"179: 2010 IRS Taxes - State-local returns (per 100,000)",0.11524149,0.23783123,3.1596026e-16,A
70: 2015 Census - Non-citizen popn (%),0.0030404245,0.21130499,0.056616034,A
439: Education attaint - Bachelor's degree (18â€“24) (%),0.111462615,0.19997714,3.1596026e-16,A
151: 2010 Federal Spending - Comm-unity ($/person),0.025115585,0.06091239,4.8345367e-15,A
"433: 2016 Crime - ARSON (per 100,000)",0.016920188,0.0770618,0.0726365,C
371: Climate Change Survey - personal (%),0.025425902,0.6616342,0.25082067,A
391: Climate Change Survey - teachGW (%),0.16689193,1.0,0.32420394,A
381: Climate Change Survey - reducetax (%),0.259525,0.92320216,0.41814348,A
384: Climate Change Survey - supportRPSOppose (%),0.5969721,0.029721959,0.611672,B
289: County Health - Driving alone to work (% Drive Alone),0.6867906,0.6281036,0.7731853,B
373: Climate Change Survey - timing (%),0.07791254,0.88219196,0.28721938,A
"84: ESRI Demographics - AMERI_ES (per 100,000)",2.1969262e-16,0.035334203,0.034615107,C
374: Climate Change Survey - timingOppose (%),0.76299006,3.417519e-5,0.4803374,B
293: County Health - Long commute - driving alone (% Long Commute - Drives Alone),0.28573915,0.30608523,0.37239006,B
"448: Religion - Church of Christ (per 1,000)",0.03649043,3.5490482e-16,0.10324313,C
327: County Health - Firearm fatalities (Firearm Fatalities Rate),0.12175078,0.044336975,0.25595582,C
275: County Health - High school graduation (Graduation Rate),0.7361128,0.6022152,0.6040638,B
"459: Religion - Church of the Nazarene (per 1,000)",0.08889642,3.5490482e-16,0.05796577,B
217: CDC WONDER - Homicide (0),0.012461261,0.13232583,0.18324158,C
394: Climate Change Survey - corporationsOppose (%),0.4849764,8.343384e-6,0.5285493,B
"426: 2016 Crime - MURDER (per 100,000)",2.1969262e-16,0.06253671,0.10068801,C
404: Climate Change Survey - prienvOppose (%),0.62964183,2.4655421e-5,0.5067265,B
408: Climate Change Survey - mediaweeklyOppose (%),0.3758709,0.27006993,0.8176508,C
"103: ESRI Demographics - Popn: Age 85-up (per 100,000)",0.28271294,0.145826,0.11725145,B
"99: ESRI Demographics - Popn: Age 45-54 (per 100,000)",0.4311424,0.36058146,0.32664174,B
397: Climate Change Survey - congress (%),0.12953497,0.83623517,0.19968975,A
71: 2015 Census - Eligible popn (%),0.57908934,0.44096962,0.5069346,B
403: Climate Change Survey - prienv (%),0.22252052,0.9411847,0.21219254,A
380: Climate Change Survey - CO2limitsOppose (%),0.48264566,2.246889e-8,0.44080064,B
"454: Religion - United Methodist Church (per 1,000)",0.17988282,0.0029678748,0.14495695,B
361: Climate Change Survey - worried (%),0.08613462,0.86171895,0.15899482,A
"69: 2015 Census - Popn over 18 and citizen (per 100,000)",0.5347688,0.51831996,0.50626475,B
326: County Health - Homicides (Homicide Rate),0.020933917,0.14628898,0.1999784,C
210: 2010 Health Metrics - Female sufficient activity (%),0.50013673,0.59634954,4.3322543e-11,A
311: County Health - Drug overdose deaths (Drug Overdose Mortality Rate),0.1856301,0.08785672,0.21552372,B
362: Climate Change Survey - worriedOppose (%),0.73450094,0.034279577,0.62982374,B
"446: Religion - Assemblies of God (per 1,000)",0.040466614,0.014702392,0.04782103,B
332: County Health - Demographics (% American Indian/Alaskan Native),2.1969262e-16,0.040633142,0.04233322,C
396: Climate Change Survey - citizensOppose (%),0.4970569,5.7950633e-13,0.510036,B
189: 2010 IRS Taxes - AGI inequality (25k:200k) (ratio),0.038980793,0.04165348,0.038452946,B
318: County Health - Other primary care providers (Other PCP Rate),0.039069332,0.072219275,0.0322286,A
"457: Religion - Lutheran Church (per 1,000)",0.1050099,3.5490482e-16,0.019009942,B
369: Climate Change Survey - harmUS (%),0.096782506,0.8123867,0.1761747,A
"340: USDA Education, Poverty, and Unemployment - Less than a high school diploma, 2012-2016 (%)",0.037031095,0.13456951,0.5936877,C
313: County Health - Motor vehicle crash deaths (MV Mortality Rate),0.14355287,1.813655e-6,0.3872786,C
273: County Health - Mammography screening (% Mammography (Black)),0.5056257,0.39590922,0.4202211,B
353: Climate Change Survey - happening (%),0.1736894,0.9580051,0.2062208,A
"169: 2010 IRS Taxes - Single returns (per 100,000)",0.14788285,0.27570024,0.16181484,A
178: 2010 IRS Taxes - Salaries-wages ($/person),0.23331794,0.3853439,0.12059616,A
248: County Health - Low birthweight (% LBW),0.08106533,0.18247598,0.36749345,C
"124: ESRI Demographics - AVE_SALE12 (per 100,000)",0.02966497,0.03800361,0.025674328,A
379: Climate Change Survey - CO2limits (%),0.30984136,0.9384175,0.3326855,A
"458: Religion - Evangelical Lutheran Church in America (per 1,000)",0.116327226,3.5490482e-16,0.020899577,B
161: 2010 Federal Spending - Law & Homeland Security ($/person),2.4764475e-7,0.047005966,0.001825543,A
284: County Health - Social associations (Association Rate),0.22941257,0.09431841,0.11108409,B
"342: USDA Education, Poverty, and Unemployment - Some college or associate's degree, 2012-2016 (%)",0.54193157,0.46513137,0.2340727,B
"92: ESRI Demographics - Popn: Age under 5 (per 100,000)",0.3446806,0.45710778,0.47847587,B
"424: Marriage and Divorce - Marriage/Divorce Rate (2010) (per 1,000)",0.003954303,0.017205343,0.007773082,A
214: 2010 Health Metrics - Sufficient activity (%),0.47736728,0.6097896,2.2695759e-10,A
"88: ESRI Demographics - Popn: Other (per 100,000)",3.0343564e-12,0.21210133,0.1256422,A
256: County Health - Access to exercise opportunities (% With Access),0.55390173,0.9372649,0.14493448,A
190: 2010 IRS Taxes - AGI inequality (50k:100k) (ratio),0.029840395,0.046344914,0.028710889,A
72: 2015 Census - Voter participation (%),0.1922363,0.21010706,0.07785047,A
337: County Health - Demographics (% Not Proficient in English),2.1969262e-16,0.14379846,0.048495203,A
393: Climate Change Survey - corporations (%),0.23190476,0.84348536,0.10395576,A
191: 2010 IRS Taxes - Tax inequality (25k:200k) (ratio),0.019609174,0.021293985,0.02738453,B
209: 2010 Health Metrics - Male sufficient activity (%),0.46959597,0.63795114,0.0007180556,A
"90: ESRI Demographics - Popn: Males (per 100,000)",0.28599855,0.27317986,0.31910455,B
355: Climate Change Survey - human (%),0.1542222,0.82351375,0.13432588,A
149: 2010 Federal Spending - Veterans ($/person),0.12873697,0.104311146,0.20310624,C
212: 2010 Health Metrics - Female obesity (%),0.2563691,0.30709437,0.82480246,C
195: 2010 IRS Taxes - Tax burden (>$100k) (%),0.4599391,0.6770725,0.26181003,A
395: Climate Change Survey - citizens (%),0.18814515,0.8614092,0.09760462,A
159: 2010 Federal Spending - Education ($/person),9.3857656e-5,0.09078498,0.02183866,A
359: Climate Change Survey - affectweather (%),0.2681997,0.8923507,0.21455634,A
389: Climate Change Survey - drilloffshore (%),0.627654,0.12666611,0.7116537,B
"419: Marriage and Divorce - Adjusted Divorce Rate (2000) (per 1,000)",0.0047665015,0.0036476613,0.006353508,B
"93: ESRI Demographics - Popn: Age 5-9 (per 100,000)",0.4029363,0.46648726,0.48008,B
356: Climate Change Survey - humanOppose (%),0.636531,0.09184172,0.6847354,B
390: Climate Change Survey - drilloffshoreOppose (%),0.16632931,0.7424181,0.061142974,A
388: Climate Change Survey - drillANWROppose (%),0.20992526,0.8258903,0.16479737,A
"348: USDA Education, Poverty, and Unemployment - Civilian_labor_force_2016 (#)",0.39563677,0.43429995,0.158448,A
262: County Health - Teen births (Teen Birth Rate (Hispanic)),0.14159223,0.08032164,0.23183125,C
367: Climate Change Survey - devharm (%),0.19520175,0.9067315,0.13083357,A
276: County Health - Some college (% Some College),0.5541129,0.6977766,0.035762228,A
245: County Health - Poor or fair health (% Fair/Poor),9.700155e-10,0.1686095,0.71236116,C
192: 2010 IRS Taxes - Tax inequality (50k:100k) (ratio),0.018674549,0.02718899,0.026677553,B
"85: ESRI Demographics - Popn: Asian (per 100,000)",0.003583949,0.093303934,3.1596026e-16,A
"349: USDA Education, Poverty, and Unemployment - Employed_2016 (#)",0.39129138,0.4234718,0.13905816,A
319: County Health - Disconnected youth (% Disconnected Youth),0.1368288,0.08537021,0.359641,C
268: County Health - Preventable hospital stays (Preventable Hosp. Rate),0.152929,0.049544845,0.39759508,C
375: Climate Change Survey - fundrenewables (%),0.3600862,0.87161124,0.10175595,A
291: County Health - Driving alone to work (% Drive Alone (Hispanic)),0.58553827,0.624313,0.66433775,B
387: Climate Change Survey - drillANWR (%),0.56937915,0.06343444,0.62140286,B
263: County Health - Teen births (Teen Birth Rate (White)),0.165855,3.0972452e-10,0.3773807,C
441: Education attaint - Graduatedegree (25+) (%),0.119430065,0.3309832,7.496288e-10,A
274: County Health - Mammography screening (% Mammography (White)),0.47462955,0.4902178,0.39901164,B
"95: ESRI Demographics - Popn: Age 15-19 (per 100,000)",0.27562636,0.38892543,0.34332973,B
250: County Health - Low birthweight (% LBW (Hispanic)),0.21388927,0.22768112,0.25519916,B
302: County Health - Infant mortality (Infant Mortality Rate (Black)),0.23848748,0.22681561,0.27298704,B
300: County Health - Child mortality (Child Mortality Rate (White)),0.093299985,0.1700214,0.19298442,C
254: County Health - Food environment index (Food Environment Index),0.72441334,0.6872333,0.359179,B
363: Climate Change Survey - harmplants (%),0.2585038,0.96109563,0.11668754,A
"87: ESRI Demographics - Popn: Hispanic (per 100,000)",4.510278e-14,0.20932107,0.10141615,A
194: 2010 IRS Taxes - Tax burden (50-100k) (%),0.27353126,0.15518865,0.36372888,B
"170: 2010 IRS Taxes - People in returns (per 100,000)",0.18040535,0.17626047,0.10041148,B
"344: USDA Education, Poverty, and Unemployment - Overall poverty rate (%)",0.015328606,0.18873541,0.66216576,C
312: County Health - Drug overdose deaths - modeled (Range Drug Overdose Mortality Rate),0.11802929,0.12366868,0.22812746,C
177: 2010 IRS Taxes - Salaries-wages ($/return),0.2091837,0.32107243,0.0007558772,A
215: 2010 Health Metrics - Obesity (%),0.34518048,0.31189206,0.85118437,C
"415: Marriage and Divorce - Crude Divorce Rate (2000) (per 1,000)",0.0055301567,0.0026233005,0.005809927,B
335: County Health - Demographics (% Hispanic),2.6364997e-9,0.21692657,0.10494903,A
357: Climate Change Survey - consensus (%),0.2324099,0.8205098,0.08673054,A
176: 2010 IRS Taxes - Salaries-wages ($M),0.17136043,0.26454923,0.030413987,A
"412: Marriage and Divorce - Marriage Rate (2010) (per 1,000)",0.0367668,0.04742327,0.046491794,B
292: County Health - Driving alone to work (% Drive Alone (White)),0.7092602,0.67658794,0.7753071,B
253: County Health - Adult obesity (% Obese),0.37904224,0.2525676,0.7047247,C
252: County Health - Adult smoking (% Smokers),0.1493471,0.16033426,0.5250046,C
"346: USDA Education, Poverty, and Unemployment - Related children age 5-17 in families in poverty 2016 (%)",1.4795212e-6,0.148446,0.6596934,C
309: County Health - Food insecurity (% Food Insecure),0.09180915,0.23560986,0.5770487,C
207: 2010 Health Metrics - Male life expectancy (years),0.6392453,0.75827056,0.05998245,A
247: County Health - Poor mental health days (Mentally Unhealthy Days),0.113458276,0.2727902,0.8427691,C
365: Climate Change Survey - futuregen (%),0.2609759,0.93823326,0.06307624,A
325: County Health - Residential segregation - black/white (Segregation index),0.47959396,0.5071285,0.23537992,A
298: County Health - Child mortality (Child Mortality Rate (Black)),0.28053004,0.13025312,0.29735258,B
"451: Religion - Presbyterian Church (U.S.A.) (per 1,000)",0.104816616,0.08359257,0.029032331,B
137: 2010 Federal Spending - Social Security ($/person),0.23046349,0.14971209,0.2317936,B
208: 2010 Health Metrics - Female life expectancy (years),0.6104307,0.7525307,0.0030851462,A
"120: ESRI Demographics - Renter-occupied housing (per 100,000)",0.05568858,0.15762004,0.090606615,A
135: 2010 Federal Spending - Defense ($/person),0.0022621949,0.02754746,0.0022438394,A
278: County Health - Children in poverty (% Children in Poverty),0.031188585,0.16159093,0.7319749,C
264: County Health - Uninsured (% Uninsured),0.1069613,0.15172091,0.52549535,C
"345: USDA Education, Poverty, and Unemployment - 0-17 Poverty rate (%)",0.029533971,0.16225561,0.73769486,C
174: 2010 IRS Taxes - Adjusted gross income ($/person),0.1617697,0.26885644,0.049063876,A
213: 2010 Health Metrics - Life expectancy (years),0.6274984,0.7613614,0.025399813,A
257: County Health - Excessive drinking (% Excessive Drinking),0.43347153,0.53673476,8.591985e-11,A
"444: Religion - Main-stream Protestant (per 1,000)",0.18883722,0.08401518,0.005758498,B
281: County Health - Children in poverty (% Children in Poverty (White)),0.1779813,0.058213238,0.43203783,C
334: County Health - Demographics (% Native Hawaiian/Other Pacific Islander),0.00052389776,0.008301702,0.0006507341,A
157: 2010 Federal Spending - Federal (non-defense) ($/person),0.0037885108,0.014812487,7.883942e-6,A
338: County Health - Demographics (% Female),0.6082675,0.7138323,0.6317889,B
306: County Health - Frequent mental distress (% Frequent Mental Distress),0.045055896,0.17527606,0.6589294,C
"411: Marriage and Divorce - Divorce Rate (2010) (per 1,000)",0.010027227,0.0046935473,0.009824187,B
436: Cities - Population (#),0.041932307,0.07307244,0.044150975,A
"456: Religion - Seventh-day Adventist Church (per 1,000)",0.028017055,0.03663253,0.035985447,B
"110: ESRI Demographics - Household (one female) (per 100,000)",0.12986492,0.13253662,0.11500315,B
376: Climate Change Survey - fundrenewablesOppose (%),0.37771827,0.040218167,0.62749976,C
"111: ESRI Demographics - Household (married w/children) (per 100,000)",0.6155308,0.5070366,0.3995679,B
279: County Health - Children in poverty (% Children in Poverty (Black)),0.30307597,0.2692264,0.5089981,C
260: County Health - Teen births (Teen Birth Rate),0.076725006,0.07682823,0.65598685,C
143: 2010 Federal Spending - Medicaid ($/person),0.0069877873,0.022365848,0.102174915,C
315: County Health - Uninsured adults (% Uninsured),0.0805019,0.16333443,0.57912314,C
244: County Health - Premature death (Years of Potential Life Lost Rate (White)),0.26084912,0.092393965,0.47175437,C
"421: Marriage and Divorce - Crude Marriage Rate (2000) (per 1,000)",0.017415138,0.02246192,0.024104597,B
282: County Health - Income inequality (Income Ratio),0.094530284,0.32028386,0.45677924,C
329: County Health - Demographics (% < 18),0.4224001,0.47844607,0.49107438,B
141: 2010 Federal Spending - Medicare ($/person),0.1441449,0.08596684,0.277038,C
"447: Religion - Baha'i (per 1,000)",2.1969262e-16,0.025553547,0.015704842,A
"341: USDA Education, Poverty, and Unemployment - High school diploma only, 2012-2016 (%)",0.4911138,0.16779776,0.7163244,B
272: County Health - Mammography screening (% Mammography),0.51152885,0.617441,0.2641518,A
"183: 2010 IRS Taxes - Federal filers (per 100,000)",0.20217726,0.22457005,0.055101413,A
"460: Religion - Church of God (Cleveland, Tennessee) (per 1,000)",0.051902633,3.5490482e-16,0.09967954,C
323: County Health - Median household income (Household income (White)),0.21525131,0.4289483,0.0022857,A
305: County Health - Frequent physical distress (% Frequent Physical Distress),0.0324817,0.16677585,0.66205776,C
307: County Health - Diabetes prevalence (% Diabetic),0.27109224,0.18341629,0.7429916,C
261: County Health - Teen births (Teen Birth Rate (Black)),0.2622633,0.18100367,0.4743331,C
299: County Health - Child mortality (Child Mortality Rate (Hispanic)),0.2771829,0.16990305,0.2965064,B
"113: ESRI Demographics - Household (male w/ children) (per 100,000)",0.24849443,0.28775862,0.37962088,B
303: County Health - Infant mortality (Infant Mortality Rate (Hispanic)),0.16789898,0.28738165,0.2286758,A
"445: Religion - Catholic (per 1,000)",0.09617854,0.27671593,3.1596026e-16,A
"343: USDA Education, Poverty, and Unemployment - Bachelor's degree or higher, 2012-2016 (%)",0.1901647,0.44090217,3.1596026e-16,A
246: County Health - Poor physical health days (Physically Unhealthy Days),0.05299364,0.18470657,0.72982925,C
269: County Health - Diabetes monitoring (% Receiving HbA1c),0.69225943,0.7285008,0.5865645,B
296: County Health - Premature age-adjusted mortality (Age-Adjusted Mortality (White)),0.27223557,0.11472136,0.4915601,C
"175: 2010 IRS Taxes - Salaries-wages returns (per 100,000)",0.1777258,0.22304344,0.12909082,A
290: County Health - Driving alone to work (% Drive Alone (Black)),0.7453321,0.49461186,0.7567137,B
"89: ESRI Demographics - Popn: Multirace (per 100,000)",0.027249085,0.12153756,0.048816923,A
"455: Religion - Other (per 1,000)",0.035867836,0.040446527,3.1596026e-16,A
"94: ESRI Demographics - Popn: Age 10-14 (per 100,000)",0.42793322,0.44920048,0.47903392,B
131: 2010 Federal Spending - Total ($/person),0.037103653,0.08230279,0.05298405,A
147: 2010 Federal Spending - Income Security ($/person),0.0034880566,0.071544476,0.10905293,C
187: 2010 IRS Taxes - Income inequality (25k:200k) (ratio),0.1983758,0.31225312,0.1671261,A
277: County Health - Unemployment (% Unemployed),0.036863055,0.12068847,0.3198127,C
"423: Marriage and Divorce - Adjusted Marriage Rate (2000) (per 1,000)",0.01988502,0.015641965,0.021054702,B
186: 2010 IRS Taxes - Federal taxes ($/person),0.06666974,0.14275767,0.02366699,A
"352: USDA Education, Poverty, and Unemployment - Med_HH_Income_Percent_of_State_Total_2016 (%)",0.26489455,0.28307134,0.010687155,A
440: Education attaint - Bachelor's degree (25+) (%),0.25349566,0.4990164,3.1596026e-16,A
"351: USDA Education, Poverty, and Unemployment - Unemployment_rate_2016 (%)",0.03867484,0.12215738,0.32099774,C
241: County Health - Premature death (Years of Potential Life Lost Rate),0.055968553,0.03503265,0.32510063,C
406: Climate Change Survey - discussOppose (%),0.5652814,0.16080625,0.8534458,B
249: County Health - Low birthweight (% LBW (Black)),0.2270868,0.1899644,0.36177355,C
294: County Health - Premature age-adjusted mortality (Age-Adjusted Mortality (Black)),0.18192914,0.116761945,0.29037488,C
405: Climate Change Survey - discuss (%),0.23655802,0.69470024,5.9670214e-8,A
"450: Religion - Non-denominational (per 1,000)",0.027228152,0.044758312,0.0381534,A
193: 2010 IRS Taxes - Tax burden (<$50k) (%),0.10030905,0.070336625,0.24818414,C
139: 2010 Federal Spending - Retirement (other) ($/person),0.035833538,0.0636045,0.07207264,C
"350: USDA Education, Poverty, and Unemployment - Unemployed_2016 (#)",0.1422442,0.22566426,0.26090157,C
188: 2010 IRS Taxes - Income inequality (50k:100k) (ratio),0.046385616,0.07431776,0.042771034,A
271: County Health - Diabetes monitoring (% Receiving HbA1c (White)),0.41815424,0.61052024,0.41609097,A
270: County Health - Diabetes monitoring (% Receiving HbA1c (Black)),0.53931177,0.5178725,0.5088824,B
"443: Religion - Evangelical (per 1,000)",0.09653534,0.004850517,0.35014674,C
"453: Religion - Southern Baptist Convention (per 1,000)",0.041020457,3.5490482e-16,0.27725473,C
184: 2010 IRS Taxes - Federal taxes ($M),0.095703386,0.17833218,3.1596026e-16,A
242: County Health - Premature death (Years of Potential Life Lost Rate (Black)),0.24423996,0.21883762,0.445194,C
438: Education attaint - Education attaint (%),0.19565709,0.4101533,3.1596026e-16,A
211: 2010 Health Metrics - Male Obesity (%),0.47712633,0.322174,0.8387589,C
"449: Religion - Episcopal (per 1,000)",0.008016281,0.036295414,0.008652939,A
280: County Health - Children in poverty (% Children in Poverty (Hispanic)),0.24664022,0.19762236,0.43001965,C
173: 2010 IRS Taxes - Adjusted gross income ($/return),0.17586896,0.2440355,0.036789384,A
317: County Health - Health care costs (Costs),0.24745256,0.21771888,0.45545384,C
"442: Religion - All Religion (per 1,000)",0.22137034,0.1799077,0.21872449,B
320: County Health - Median household income (Household Income),0.25335246,0.34487325,3.1596026e-16,A
"347: USDA Education, Poverty, and Unemployment - Median household income (#)",0.2533524,0.34487346,3.1596026e-16,A
181: 2010 IRS Taxes - State-local taxes ($/return),0.057991695,0.09647969,0.021907238,A
"167: 2010 IRS Taxes - Total returns (per 100,000)",0.1716319,0.20218594,0.116879046,A
255: County Health - Physical inactivity (% Physically Inactive),0.33030045,0.12341454,0.76940006,C
297: County Health - Child mortality (Child Mortality Rate),0.10848077,0.088241115,0.3128025,C
"91: ESRI Demographics - Popn: Females (per 100,000)",0.5615932,0.6237421,0.62502396,B
321: County Health - Median household income (Household income (Black)),0.11857234,0.16409676,0.017861484,A
251: County Health - Low birthweight (% LBW (White)),0.24438296,0.20235649,0.38660884,C
145: 2010 Federal Spending - Health (other) ($/person),8.315247e-15,0.026327748,0.0064333533,A
322: County Health - Median household income (Household income (Hispanic)),0.19712164,0.2248161,0.09162261,A
172: 2010 IRS Taxes - Adjusted gross income ($M),0.24252526,0.32210782,0.09987282,A
185: 2010 IRS Taxes - Federal taxes ($/return),0.05908624,0.124824956,8.297312e-7,A
301: County Health - Infant mortality (Infant Mortality Rate),0.111088775,0.06957133,0.2235267,C
